<profile version="1.0">
  <option name="myName" value="Default" />
  <inspection_tool class="PyInterpreterInspection" enabled="false" level="WARNING" enabled_by_default="false" />
  <inspection_tool class="PyPackageRequirementsInspection" enabled="true" level="WARNING" enabled_by_default="true">
    <option name="ignoredPackages">
      <value>
        <list size="23">
          <item index="0" class="java.lang.String" itemvalue="PyJWT" />
          <item index="1" class="java.lang.String" itemvalue="pydantic-settings" />
          <item index="2" class="java.lang.String" itemvalue="pydantic" />
          <item index="3" class="java.lang.String" itemvalue="alembic" />
          <item index="4" class="java.lang.String" itemvalue="SQLAlchemy" />
          <item index="5" class="java.lang.String" itemvalue="psycopg2-binary" />
          <item index="6" class="java.lang.String" itemvalue="cryptography" />
          <item index="7" class="java.lang.String" itemvalue="python-multipart" />
          <item index="8" class="java.lang.String" itemvalue="requests" />
          <item index="9" class="java.lang.String" itemvalue="bcrypt" />
          <item index="10" class="java.lang.String" itemvalue="fastapi" />
          <item index="11" class="java.lang.String" itemvalue="python-decouple" />
          <item index="12" class="java.lang.String" itemvalue="SQLAlchemy-Utils" />
          <item index="13" class="java.lang.String" itemvalue="uvicorn" />
          <item index="14" class="java.lang.String" itemvalue="python-jose" />
          <item index="15" class="java.lang.String" itemvalue="passlib" />
          <item index="16" class="java.lang.String" itemvalue="httpx" />
          <item index="17" class="java.lang.String" itemvalue="pytest" />
          <item index="18" class="java.lang.String" itemvalue="pyrebase4" />
          <item index="19" class="java.lang.String" itemvalue="sentry-sdk" />
          <item index="20" class="java.lang.String" itemvalue="jose" />
          <item index="21" class="java.lang.String" itemvalue="aiosmtplib" />
          <item index="22" class="java.lang.String" itemvalue="fastapi-mail" />
        </list>
      </value>
    </option>
  </inspection_tool>
  <inspection_tool class="PyUnresolvedReferencesInspection" enabled="true" level="WARNING" enabled_by_default="true">
    <option name="ignoredIdentifiers">
      <list>
        <option value="app.repository.booking_repository.*" />
      </list>
    </option>
  </inspection_tool>
</profile>